Workbook

Sheet Dashboard
A1: SC ETHICS MONITOR - ELECTION DASHBOARD 2026
A2: Last Updated:
A4: KEY METRICS | E4: CONFIDENCE DISTRIBUTION
A5: Total Districts | B5: =COUNTA(Districts!A:A)-1 | C5: All SC Legislative Districts | E5: HIGH | F5: =COUNTIF(Candidates!H:H,"HIGH")
A6: House Districts | B6: =COUNTIF(Districts!C:C,"House") | C6: SC House seats (124 total) | E6: MEDIUM | F6: =COUNTIF(Candidates!H:H,"MEDIUM")
A7: Senate Districts | B7: =COUNTIF(Districts!C:C,"Senate") | C7: SC Senate seats (46 total) | E7: LOW | F7: =COUNTIF(Candidates!H:H,"LOW")
E8: UNKNOWN | F8: =COUNTIF(Candidates!H:H,"UNKNOWN")
A9: Total Candidates Filed | B9: =COUNTA(Candidates!A:A)-1 | C9: From SC Ethics Commission
A10: Democrat Candidates | B10: =COUNTIF(Candidates!L:L,"D") | C10: Final party = D | E10: PARTY BY CHAMBER
A11: Republican Candidates | B11: =COUNTIF(Candidates!L:L,"R") | C11: Final party = R | F11: House | G11: Senate
A12: Unknown Party | B12: =COUNTIF(Candidates!H:H,"UNKNOWN") | C12: Needs research | E12: Democrats | F12: =COUNTIFS(Candidates!L:L,"D",Candidates!C:C,"H*") | G12: =COUNTIFS(Candidates!L:L,"D",Candidates!C:C,"S*")
E13: Republicans | F13: =COUNTIFS(Candidates!L:L,"R",Candidates!C:C,"H*") | G13: =COUNTIFS(Candidates!L:L,"R",Candidates!C:C,"S*")
A14: High Priority Recruits | B14: =COUNTIF('Race Analysis'!I:I,"High-D-Recruit") | C14: Unopposed-R, no D filed
A15: Open Seats | B15: =COUNTIF('Race Analysis'!I:I,"Open-Seat") | C15: No incumbent running
A16: Contested Races | B16: =COUNTIF('Race Analysis'!H:H,"Contested") | C16: D vs R matchup
A18: Research Queue Pending | B18: =COUNTIF('Research Queue'!I:I,"Pending") | C18: Awaiting verification
A19: Manual Overrides | B19: =COUNTIFS(Candidates!K:K,"<>") | C19: Party manually set
A20: Locked Candidates | B20: =COUNTIF(Candidates!M:M,"Yes") | C20: Skip re-detection
A22: QUICK FILTERS (Apply in Candidates tab)
A23: • Needs Research: Filter H = UNKNOWN, M = blank
A24: • Manual Overrides: Filter K ≠ blank
A25: • Democrats Only: Filter L = D
A26: • Republicans Only: Filter L = R
A27: • Locked Candidates: Filter M = Yes

Sheet Districts
A1: district_id | B1: district_name | C1: chamber | D1: district_number | E1: incumbent_name | F1: incumbent_party | G1: incumbent_since | H1: next_election | I1: seats_up_2026
A2: SC-House-001 | B2: SC House District 1 | C2: House | D2: 1 | E2: William R. "Bill" Whitmire | F2: Republican | H2: 2026 | I2: Yes
A3: SC-House-002 | B3: SC House District 2 | C3: House | D3: 2 | E3: Adam L. Duncan | F3: Republican | H3: 2026 | I3: Yes
A4: SC-House-003 | B4: SC House District 3 | C4: House | D4: 3 | E4: Phillip Bowers | F4: Republican | H4: 2026 | I4: Yes
A5: SC-House-004 | B5: SC House District 4 | C5: House | D5: 4 | E5: David R. Hiott | F5: Republican | H5: 2026 | I5: Yes
A6: SC-House-005 | B6: SC House District 5 | C6: House | D6: 5 | E6: Neal A. Collins | F6: Republican | H6: 2026 | I6: Yes
A7: SC-House-006 | B7: SC House District 6 | C7: House | D7: 6 | E7: April Cromer | F7: Republican | H7: 2026 | I7: Yes
A8: SC-House-007 | B8: SC House District 7 | C8: House | D8: 7 | E8: Thomas Lee Gilreath | F8: Republican | H8: 2026 | I8: Yes
A9: SC-House-008 | B9: SC House District 8 | C9: House | D9: 8 | E9: Donald G. "Don" Chapman | F9: Republican | H9: 2026 | I9: Yes
A10: SC-House-009 | B10: SC House District 9 | C10: House | D10: 9 | E10: Richard Blake Sanders | F10: Republican | H10: 2026 | I10: Yes
A11: SC-House-010 | B11: SC House District 10 | C11: House | D11: 10 | E11: Thomas Beach | F11: Republican | H11: 2026 | I11: Yes
A12: SC-House-011 | B12: SC House District 11 | C12: House | D12: 11 | E12: Craig A. Gagnon | F12: Republican | H12: 2026 | I12: Yes
A13: SC-House-012 | B13: SC House District 12 | C13: House | D13: 12 | E13: Daniel Gibson | F13: Republican | H13: 2026 | I13: Yes
... A98: SC-House-097 | B98: SC House District 97 | C98: House | D98: 97 | E98: Robby Robbins | F98: Republican | H98: 2026 | I98: Yes
A99: SC-House-098 | B99: SC House District 98 | C99: House | D99: 98 | H99: 2026 | I99: Yes
A100: SC-House-099 | B100: SC House District 99 | C100: House | D100: 99 | E100: Marvin "Mark" Smith | F100: Republican | H100: 2026 | I100: Yes
A101: SC-House-100 | B101: SC House District 100 | C101: House | D101: 100 | E101: Sylleste H. Davis | F101: Republican | H101: 2026 | I101: Yes
A102: SC-House-101 | B102: SC House District 101 | C102: House | D102: 101 | E102: Roger K. Kirby | F102: Democratic | H102: 2026 | I102: Yes
A103: SC-House-102 | B103: SC House District 102 | C103: House | D103: 102 | E103: Harriet A. Holman | F103: Republican | H103: 2026 | I103: Yes
A104: SC-House-103 | B104: SC House District 103 | C104: House | D104: 103 | E104: Carl L. Anderson | F104: Democratic | H104: 2026 | I104: Yes
A105: SC-House-104 | B105: SC House District 104 | C105: House | D105: 104 | E105: William H. Bailey | F105: Republican | H105: 2026 | I105: Yes
A106: SC-House-105 | B106: SC House District 105 | C106: House | D106: 105 | E106: Kevin Hardee | F106: Republican | H106: 2026 | I106: Yes
A107: SC-House-106 | B107: SC House District 106 | C107: House | D107: 106 | E107: Thomas Duval "Val" Guest, Jr. | F107: Republican | H107: 2026 | I107: Yes
A108: SC-House-107 | B108: SC House District 107 | C108: House | D108: 107 | E108: Thomas C. "Case" Brittain, Jr. | F108: Republican | H108: 2026 | I108: Yes
A109: SC-House-108 | B109: SC House District 108 | C109: House | D109: 108 | E109: Lee Hewitt | F109: Republican | H109: 2026 | I109: Yes
A110: SC-House-109 | B110: SC House District 109 | C110: House | D110: 109 | E110: Tiffany Spann-Wilder | F110: Democratic | H110: 2026 | I110: Yes
A111: SC-House-110 | B111: SC House District 110 | C111: House | D111: 110 | E111: Thomas F. "Tom" Hartnett, Jr. | F111: Republican | H111: 2026 | I111: Yes
... A171: SC-Senate-046 | B171: SC Senate District 46 | C171: Senate | D171: 46 | E171: Tom Davis | F171: Republican | H171: 2026 | I171: No

Sheet Candidates
A1: report_id | B1: candidate_name | C1: district_id | D1: filed_date | E1: ethics_report_url | F1: is_incumbent | G1: detected_party | H1: detection_confidence | I1: detection_source | J1: detection_evidence_url | K1: manual_party_override | L1: final_party | M1: party_locked | N1: detection_timestamp | O1: notes | P1: last_synced
L2: =IF(K2<>"",K2,G2)
L3: =IF(K3<>"",K3,G3)
L4: =IF(K4<>"",K4,G4)
L5: =IF(K5<>"",K5,G5)
L6: =IF(K6<>"",K6,G6)
L7: =IF(K7<>"",K7,G7)
L8: =IF(K8<>"",K8,G8)
L9: =IF(K9<>"",K9,G9)
L10: =IF(K10<>"",K10,G10)
L11: =IF(K11<>"",K11,G11)
L12: =IF(K12<>"",K12,G12)
L13: =IF(K13<>"",K13,G13)
... L501: =IF(K501<>"",K501,G501)

Sheet Race Analysis
A1: district_id | B1: district_name | C1: incumbent_name | D1: incumbent_party | E1: dem_candidates | F1: rep_candidates | G1: other_candidates | H1: race_status | I1: recruitment_priority | J1: needs_research | K1: last_computed
A2: SC-House-001 | B2: SC House District 1 | C2: William R. "Bill" Whitmire | D2: Republican | E2: =COUNTIFS(Candidates!$C:$C,$A2,Candidates!$L:$L,"D") | F2: =COUNTIFS(Candidates!$C:$C,$A2,Candidates!$L:$L,"R") | G2: =COUNTIFS(Candidates!$C:$C,$A2,Candidates!$L:$L,"I")+COUNTIFS(Candidates!$C:$C,$A2,Candidates!$L:$L,"O") | J2: =COUNTIFS(Candidates!$C:$C,$A2,Candidates!$H:$H,"UNKNOWN")+COUNTIFS(Candidates!$C:$C,$A2,Candidates!$H:$H,"LOW")
A3: SC-House-002 | B3: SC House District 2 | C3: Adam L. Duncan | D3: Republican | E3: =COUNTIFS(Candidates!$C:$C,$A3,Candidates!$L:$L,"D") | F3: =COUNTIFS(Candidates!$C:$C,$A3,Candidates!$L:$L,"R") | G3: =COUNTIFS(Candidates!$C:$C,$A3,Candidates!$L:$L,"I")+COUNTIFS(Candidates!$C:$C,$A3,Candidates!$L:$L,"O") | J3: =COUNTIFS(Candidates!$C:$C,$A3,Candidates!$H:$H,"UNKNOWN")+COUNTIFS(Candidates!$C:$C,$A3,Candidates!$H:$H,"LOW")
A4: SC-House-003 | B4: SC House District 3 | C4: Phillip Bowers | D4: Republican | E4: =COUNTIFS(Candidates!$C:$C,$A4,Candidates!$L:$L,"D") | F4: =COUNTIFS(Candidates!$C:$C,$A4,Candidates!$L:$L,"R") | G4: =COUNTIFS(Candidates!$C:$C,$A4,Candidates!$L:$L,"I")+COUNTIFS(Candidates!$C:$C,$A4,Candidates!$L:$L,"O") | J4: =COUNTIFS(Candidates!$C:$C,$A4,Candidates!$H:$H,"UNKNOWN")+COUNTIFS(Candidates!$C:$C,$A4,Candidates!$H:$H,"LOW")
A5: SC-House-004 | B5: SC House District 4 | C5: David R. Hiott | D5: Republican | E5: =COUNTIFS(Candidates!$C:$C,$A5,Candidates!$L:$L,"D") | F5: =COUNTIFS(Candidates!$C:$C,$A5,Candidates!$L:$L,"R") | G5: =COUNTIFS(Candidates!$C:$C,$A5,Candidates!$L:$L,"I")+COUNTIFS(Candidates!$C:$C,$A5,Candidates!$L:$L,"O") | J5: =COUNTIFS(Candidates!$C:$C,$A5,Candidates!$H:$H,"UNKNOWN")+COUNTIFS(Candidates!$C:$C,$A5,Candidates!$H:$H,"LOW")
A6: SC-House-005 | B6: SC House District 5 | C6: Neal A. Collins | D6: Republican | E6: =COUNTIFS(Candidates!$C:$C,$A6,Candidates!$L:$L,"D") | F6: =COUNTIFS(Candidates!$C:$C,$A6,Candidates!$L:$L,"R") | G6: =COUNTIFS(Candidates!$C:$C,$A6,Candidates!$L:$L,"I")+COUNTIFS(Candidates!$C:$C,$A6,Candidates!$L:$L,"O") | J6: =COUNTIFS(Candidates!$C:$C,$A6,Candidates!$H:$H,"UNKNOWN")+COUNTIFS(Candidates!$C:$C,$A6,Candidates!$H:$H,"LOW")
A7: SC-House-006 | B7: SC House District 6 | C7: April Cromer | D7: Republican | E7: =COUNTIFS(Candidates!$C:$C,$A7,Candidates!$L:$L,"D") | F7: =COUNTIFS(Candidates!$C:$C,$A7,Candidates!$L:$L,"R") | G7: =COUNTIFS(Candidates!$C:$C,$A7,Candidates!$L:$L,"I")+COUNTIFS(Candidates!$C:$C,$A7,Candidates!$L:$L,"O") | J7: =COUNTIFS(Candidates!$C:$C,$A7,Candidates!$H:$H,"UNKNOWN")+COUNTIFS(Candidates!$C:$C,$A7,Candidates!$H:$H,"LOW")
A8: SC-House-007 | B8: SC House District 7 | C8: Thomas Lee Gilreath | D8: Republican | E8: =COUNTIFS(Candidates!$C:$C,$A8,Candidates!$L:$L,"D") | F8: =COUNTIFS(Candidates!$C:$C,$A8,Candidates!$L:$L,"R") | G8: =COUNTIFS(Candidates!$C:$C,$A8,Candidates!$L:$L,"I")+COUNTIFS(Candidates!$C:$C,$A8,Candidates!$L:$L,"O") | J8: =COUNTIFS(Candidates!$C:$C,$A8,Candidates!$H:$H,"UNKNOWN")+COUNTIFS(Candidates!$C:$C,$A8,Candidates!$H:$H,"LOW")
A9: SC-House-008 | B9: SC House District 8 | C9: Donald G. "Don" Chapman | D9: Republican | E9: =COUNTIFS(Candidates!$C:$C,$A9,Candidates!$L:$L,"D") | F9: =COUNTIFS(Candidates!$C:$C,$A9,Candidates!$L:$L,"R") | G9: =COUNTIFS(Candidates!$C:$C,$A9,Candidates!$L:$L,"I")+COUNTIFS(Candidates!$C:$C,$A9,Candidates!$L:$L,"O") | J9: =COUNTIFS(Candidates!$C:$C,$A9,Candidates!$H:$H,"UNKNOWN")+COUNTIFS(Candidates!$C:$C,$A9,Candidates!$H:$H,"LOW")
A10: SC-House-009 | B10: SC House District 9 | C10: Richard Blake Sanders | D10: Republican | E10: =COUNTIFS(Candidates!$C:$C,$A10,Candidates!$L:$L,"D") | F10: =COUNTIFS(Candidates!$C:$C,$A10,Candidates!$L:$L,"R") | G10: =COUNTIFS(Candidates!$C:$C,$A10,Candidates!$L:$L,"I")+COUNTIFS(Candidates!$C:$C,$A10,Candidates!$L:$L,"O") | J10: =COUNTIFS(Candidates!$C:$C,$A10,Candidates!$H:$H,"UNKNOWN")+COUNTIFS(Candidates!$C:$C,$A10,Candidates!$H:$H,"LOW")
A11: SC-House-010 | B11: SC House District 10 | C11: Thomas Beach | D11: Republican | E11: =COUNTIFS(Candidates!$C:$C,$A11,Candidates!$L:$L,"D") | F11: =COUNTIFS(Candidates!$C:$C,$A11,Candidates!$L:$L,"R") | G11: =COUNTIFS(Candidates!$C:$C,$A11,Candidates!$L:$L,"I")+COUNTIFS(Candidates!$C:$C,$A11,Candidates!$L:$L,"O") | J11: =COUNTIFS(Candidates!$C:$C,$A11,Candidates!$H:$H,"UNKNOWN")+COUNTIFS(Candidates!$C:$C,$A11,Candidates!$H:$H,"LOW")
A12: SC-House-011 | B12: SC House District 11 | C12: Craig A. Gagnon | D12: Republican | E12: =COUNTIFS(Candidates!$C:$C,$A12,Candidates!$L:$L,"D") | F12: =COUNTIFS(Candidates!$C:$C,$A12,Candidates!$L:$L,"R") | G12: =COUNTIFS(Candidates!$C:$C,$A12,Candidates!$L:$L,"I")+COUNTIFS(Candidates!$C:$C,$A12,Candidates!$L:$L,"O") | J12: =COUNTIFS(Candidates!$C:$C,$A12,Candidates!$H:$H,"UNKNOWN")+COUNTIFS(Candidates!$C:$C,$A12,Candidates!$H:$H,"LOW")
A13: SC-House-012 | B13: SC House District 12 | C13: Daniel Gibson | D13: Republican | E13: =COUNTIFS(Candidates!$C:$C,$A13,Candidates!$L:$L,"D") | F13: =COUNTIFS(Candidates!$C:$C,$A13,Candidates!$L:$L,"R") | G13: =COUNTIFS(Candidates!$C:$C,$A13,Candidates!$L:$L,"I")+COUNTIFS(Candidates!$C:$C,$A13,Candidates!$L:$L,"O") | J13: =COUNTIFS(Candidates!$C:$C,$A13,Candidates!$H:$H,"UNKNOWN")+COUNTIFS(Candidates!$C:$C,$A13,Candidates!$H:$H,"LOW")
... A98: SC-House-097 | B98: SC House District 97 | C98: Robby Robbins | D98: Republican | E98: =COUNTIFS(Candidates!$C:$C,$A98,Candidates!$L:$L,"D") | F98: =COUNTIFS(Candidates!$C:$C,$A98,Candidates!$L:$L,"R") | G98: =COUNTIFS(Candidates!$C:$C,$A98,Candidates!$L:$L,"I")+COUNTIFS(Candidates!$C:$C,$A98,Candidates!$L:$L,"O") | J98: =COUNTIFS(Candidates!$C:$C,$A98,Candidates!$H:$H,"UNKNOWN")+COUNTIFS(Candidates!$C:$C,$A98,Candidates!$H:$H,"LOW")
A99: SC-House-098 | B99: SC House District 98 | E99: =COUNTIFS(Candidates!$C:$C,$A99,Candidates!$L:$L,"D") | F99: =COUNTIFS(Candidates!$C:$C,$A99,Candidates!$L:$L,"R") | G99: =COUNTIFS(Candidates!$C:$C,$A99,Candidates!$L:$L,"I")+COUNTIFS(Candidates!$C:$C,$A99,Candidates!$L:$L,"O") | J99: =COUNTIFS(Candidates!$C:$C,$A99,Candidates!$H:$H,"UNKNOWN")+COUNTIFS(Candidates!$C:$C,$A99,Candidates!$H:$H,"LOW")
A100: SC-House-099 | B100: SC House District 99 | C100: Marvin "Mark" Smith | D100: Republican | E100: =COUNTIFS(Candidates!$C:$C,$A100,Candidates!$L:$L,"D") | F100: =COUNTIFS(Candidates!$C:$C,$A100,Candidates!$L:$L,"R") | G100: =COUNTIFS(Candidates!$C:$C,$A100,Candidates!$L:$L,"I")+COUNTIFS(Candidates!$C:$C,$A100,Candidates!$L:$L,"O") | J100: =COUNTIFS(Candidates!$C:$C,$A100,Candidates!$H:$H,"UNKNOWN")+COUNTIFS(Candidates!$C:$C,$A100,Candidates!$H:$H,"LOW")
A101: SC-House-100 | B101: SC House District 100 | C101: Sylleste H. Davis | D101: Republican | E101: =COUNTIFS(Candidates!$C:$C,$A101,Candidates!$L:$L,"D") | F101: =COUNTIFS(Candidates!$C:$C,$A101,Candidates!$L:$L,"R") | G101: =COUNTIFS(Candidates!$C:$C,$A101,Candidates!$L:$L,"I")+COUNTIFS(Candidates!$C:$C,$A101,Candidates!$L:$L,"O") | J101: =COUNTIFS(Candidates!$C:$C,$A101,Candidates!$H:$H,"UNKNOWN")+COUNTIFS(Candidates!$C:$C,$A101,Candidates!$H:$H,"LOW")
A102: SC-House-101 | B102: SC House District 101 | C102: Roger K. Kirby | D102: Democratic | E102: =COUNTIFS(Candidates!$C:$C,$A102,Candidates!$L:$L,"D") | F102: =COUNTIFS(Candidates!$C:$C,$A102,Candidates!$L:$L,"R") | G102: =COUNTIFS(Candidates!$C:$C,$A102,Candidates!$L:$L,"I")+COUNTIFS(Candidates!$C:$C,$A102,Candidates!$L:$L,"O") | J102: =COUNTIFS(Candidates!$C:$C,$A102,Candidates!$H:$H,"UNKNOWN")+COUNTIFS(Candidates!$C:$C,$A102,Candidates!$H:$H,"LOW")
A103: SC-House-102 | B103: SC House District 102 | C103: Harriet A. Holman | D103: Republican | E103: =COUNTIFS(Candidates!$C:$C,$A103,Candidates!$L:$L,"D") | F103: =COUNTIFS(Candidates!$C:$C,$A103,Candidates!$L:$L,"R") | G103: =COUNTIFS(Candidates!$C:$C,$A103,Candidates!$L:$L,"I")+COUNTIFS(Candidates!$C:$C,$A103,Candidates!$L:$L,"O") | J103: =COUNTIFS(Candidates!$C:$C,$A103,Candidates!$H:$H,"UNKNOWN")+COUNTIFS(Candidates!$C:$C,$A103,Candidates!$H:$H,"LOW")
A104: SC-House-103 | B104: SC House District 103 | C104: Carl L. Anderson | D104: Democratic | E104: =COUNTIFS(Candidates!$C:$C,$A104,Candidates!$L:$L,"D") | F104: =COUNTIFS(Candidates!$C:$C,$A104,Candidates!$L:$L,"R") | G104: =COUNTIFS(Candidates!$C:$C,$A104,Candidates!$L:$L,"I")+COUNTIFS(Candidates!$C:$C,$A104,Candidates!$L:$L,"O") | J104: =COUNTIFS(Candidates!$C:$C,$A104,Candidates!$H:$H,"UNKNOWN")+COUNTIFS(Candidates!$C:$C,$A104,Candidates!$H:$H,"LOW")
A105: SC-House-104 | B105: SC House District 104 | C105: William H. Bailey | D105: Republican | E105: =COUNTIFS(Candidates!$C:$C,$A105,Candidates!$L:$L,"D") | F105: =COUNTIFS(Candidates!$C:$C,$A105,Candidates!$L:$L,"R") | G105: =COUNTIFS(Candidates!$C:$C,$A105,Candidates!$L:$L,"I")+COUNTIFS(Candidates!$C:$C,$A105,Candidates!$L:$L,"O") | J105: =COUNTIFS(Candidates!$C:$C,$A105,Candidates!$H:$H,"UNKNOWN")+COUNTIFS(Candidates!$C:$C,$A105,Candidates!$H:$H,"LOW")
A106: SC-House-105 | B106: SC House District 105 | C106: Kevin Hardee | D106: Republican | E106: =COUNTIFS(Candidates!$C:$C,$A106,Candidates!$L:$L,"D") | F106: =COUNTIFS(Candidates!$C:$C,$A106,Candidates!$L:$L,"R") | G106: =COUNTIFS(Candidates!$C:$C,$A106,Candidates!$L:$L,"I")+COUNTIFS(Candidates!$C:$C,$A106,Candidates!$L:$L,"O") | J106: =COUNTIFS(Candidates!$C:$C,$A106,Candidates!$H:$H,"UNKNOWN")+COUNTIFS(Candidates!$C:$C,$A106,Candidates!$H:$H,"LOW")
A107: SC-House-106 | B107: SC House District 106 | C107: Thomas Duval "Val" Guest, Jr. | D107: Republican | E107: =COUNTIFS(Candidates!$C:$C,$A107,Candidates!$L:$L,"D") | F107: =COUNTIFS(Candidates!$C:$C,$A107,Candidates!$L:$L,"R") | G107: =COUNTIFS(Candidates!$C:$C,$A107,Candidates!$L:$L,"I")+COUNTIFS(Candidates!$C:$C,$A107,Candidates!$L:$L,"O") | J107: =COUNTIFS(Candidates!$C:$C,$A107,Candidates!$H:$H,"UNKNOWN")+COUNTIFS(Candidates!$C:$C,$A107,Candidates!$H:$H,"LOW")
A108: SC-House-107 | B108: SC House District 107 | C108: Thomas C. "Case" Brittain, Jr. | D108: Republican | E108: =COUNTIFS(Candidates!$C:$C,$A108,Candidates!$L:$L,"D") | F108: =COUNTIFS(Candidates!$C:$C,$A108,Candidates!$L:$L,"R") | G108: =COUNTIFS(Candidates!$C:$C,$A108,Candidates!$L:$L,"I")+COUNTIFS(Candidates!$C:$C,$A108,Candidates!$L:$L,"O") | J108: =COUNTIFS(Candidates!$C:$C,$A108,Candidates!$H:$H,"UNKNOWN")+COUNTIFS(Candidates!$C:$C,$A108,Candidates!$H:$H,"LOW")
A109: SC-House-108 | B109: SC House District 108 | C109: Lee Hewitt | D109: Republican | E109: =COUNTIFS(Candidates!$C:$C,$A109,Candidates!$L:$L,"D") | F109: =COUNTIFS(Candidates!$C:$C,$A109,Candidates!$L:$L,"R") | G109: =COUNTIFS(Candidates!$C:$C,$A109,Candidates!$L:$L,"I")+COUNTIFS(Candidates!$C:$C,$A109,Candidates!$L:$L,"O") | J109: =COUNTIFS(Candidates!$C:$C,$A109,Candidates!$H:$H,"UNKNOWN")+COUNTIFS(Candidates!$C:$C,$A109,Candidates!$H:$H,"LOW")
A110: SC-House-109 | B110: SC House District 109 | C110: Tiffany Spann-Wilder | D110: Democratic | E110: =COUNTIFS(Candidates!$C:$C,$A110,Candidates!$L:$L,"D") | F110: =COUNTIFS(Candidates!$C:$C,$A110,Candidates!$L:$L,"R") | G110: =COUNTIFS(Candidates!$C:$C,$A110,Candidates!$L:$L,"I")+COUNTIFS(Candidates!$C:$C,$A110,Candidates!$L:$L,"O") | J110: =COUNTIFS(Candidates!$C:$C,$A110,Candidates!$H:$H,"UNKNOWN")+COUNTIFS(Candidates!$C:$C,$A110,Candidates!$H:$H,"LOW")
A111: SC-House-110 | B111: SC House District 110 | C111: Thomas F. "Tom" Hartnett, Jr. | D111: Republican | E111: =COUNTIFS(Candidates!$C:$C,$A111,Candidates!$L:$L,"D") | F111: =COUNTIFS(Candidates!$C:$C,$A111,Candidates!$L:$L,"R") | G111: =COUNTIFS(Candidates!$C:$C,$A111,Candidates!$L:$L,"I")+COUNTIFS(Candidates!$C:$C,$A111,Candidates!$L:$L,"O") | J111: =COUNTIFS(Candidates!$C:$C,$A111,Candidates!$H:$H,"UNKNOWN")+COUNTIFS(Candidates!$C:$C,$A111,Candidates!$H:$H,"LOW")
... A171: SC-Senate-046 | B171: SC Senate District 46 | C171: Tom Davis | D171: Republican | E171: =COUNTIFS(Candidates!$C:$C,$A171,Candidates!$L:$L,"D") | F171: =COUNTIFS(Candidates!$C:$C,$A171,Candidates!$L:$L,"R") | G171: =COUNTIFS(Candidates!$C:$C,$A171,Candidates!$L:$L,"I")+COUNTIFS(Candidates!$C:$C,$A171,Candidates!$L:$L,"O") | J171: =COUNTIFS(Candidates!$C:$C,$A171,Candidates!$H:$H,"UNKNOWN")+COUNTIFS(Candidates!$C:$C,$A171,Candidates!$H:$H,"LOW")

Sheet Research Queue
A1: report_id | B1: candidate_name | C1: district_id | D1: detected_party | E1: confidence | F1: suggested_search | G1: scdp_link | H1: scgop_link | I1: status | J1: assigned_to | K1: resolution_notes | L1: resolved_date | M1: added_date
B2: Morgan, Tyler A | C2: SC-House-091 | E2: UNKNOWN | F2: "Morgan, Tyler A" South Carolina Democrat; "Morgan, Tyler A" South Carolina Republican; "Morgan, Tyler A" SC House of Representatives District 91 | I2: Pending
B3: Linvill, Claiborne | C3: SC-House-003 | E3: UNKNOWN | F3: "Linvill, Claiborne" South Carolina Democrat; "Linvill, Claiborne" South Carolina Republican; "Linvill, Claiborne" SC House of Representatives District 3 | I3: Pending
B4: Burgett, Joseph M | C4: SC-House-003 | E4: UNKNOWN | F4: "Burgett, Joseph M" South Carolina Democrat; "Burgett, Joseph M" South Carolina Republican; "Burgett, Joseph M" SC House of Representatives District 3 | I4: Pending
B5: Orr, Patrick S | C5: SC-House-008 | E5: UNKNOWN | F5: "Orr, Patrick S" South Carolina Democrat; "Orr, Patrick S" South Carolina Republican; "Orr, Patrick S" SC House of Representatives District 8 | I5: Pending
B6: Carlin, Evelyn A | C6: SC-House-070 | E6: UNKNOWN | F6: "Carlin, Evelyn A" South Carolina Democrat; "Carlin, Evelyn A" South Carolina Republican; "Carlin, Evelyn A" SC House of Representatives District 70 | I6: Pending
B7: Ford, Gregory S | C7: SC-House-098 | E7: UNKNOWN | F7: "Ford, Gregory S" South Carolina Democrat; "Ford, Gregory S" South Carolina Republican; "Ford, Gregory S" SC House of Representatives District 98 | I7: Pending
B8: Ogletree Satani, Sonja R | C8: SC-House-098 | E8: UNKNOWN | F8: "Ogletree Satani, Sonja R" South Carolina Democrat; "Ogletree Satani, Sonja R" South Carolina Republican; "Ogletree Satani, Sonja R" SC House of Representatives District 98 | I8: Pending
B9: Asbill, Steven | C9: SC-House-085 | E9: UNKNOWN | F9: "Asbill, Steven" South Carolina Democrat; "Asbill, Steven" South Carolina Republican; "Asbill, Steven" SC House of Representatives District 85 | I9: Pending
B10: Crosby, Katie W | C10: SC-House-044 | E10: UNKNOWN | F10: "Crosby, Katie W" South Carolina Democrat; "Crosby, Katie W" South Carolina Republican; "Crosby, Katie W" SC House of Representatives District 44 | I10: Pending
B11: McCravy, Katie L | C11: SC-House-102 | E11: UNKNOWN | F11: "McCravy, Katie L" South Carolina Democrat; "McCravy, Katie L" South Carolina Republican; "McCravy, Katie L" SC House of Representatives District 102 | I11: Pending
B12: Walker, Carlton | C12: SC-House-115 | E12: UNKNOWN | F12: "Walker, Carlton" South Carolina Democrat; "Walker, Carlton" South Carolina Republican; "Walker, Carlton" SC House of Representatives District 115 | I12: Pending
B13: Davey, Lisa | C13: SC-House-067 | E13: UNKNOWN | F13: "Davey, Lisa" South Carolina Democrat; "Davey, Lisa" South Carolina Republican; "Davey, Lisa" SC House of Representatives District 67 | I13: Pending
... B20: Blumenthal, George M | C20: SC-House-104 | E20: UNKNOWN | F20: "Blumenthal, George M" South Carolina Democrat; "Blumenthal, George M" South Carolina Republican; "Blumenthal, George M" SC House of Representatives District 104 | I20: Pending

Sheet Sync Log
A1: timestamp | B1: event_type | C1: details | D1: candidates_added | E1: candidates_updated | F1: party_detections | G1: errors

Sheet Instructions
A1: SC ETHICS MONITOR - USER GUIDE
A3: OVERVIEW
A4: This spreadsheet is the Source of Truth for tracking SC legislative candidates from Ethics Commission filings.
A5: The system auto-syncs from ethicsfiling.sc.gov but respects your manual edits.
A7: MANUAL COLUMNS (Yellow Background)
A8: These columns are PRESERVED during sync - your edits are never overwritten:
A9: • K: manual_party_override - Set D/R/I/O to override auto-detection
A10: • M: party_locked - Set 'Yes' to prevent ALL re-detection
A11: • O: notes - Free-form notes about the candidate
A13: FORMULA COLUMNS (Green Background)
A14: These columns auto-calculate:
A15: • L: final_party - Shows manual override if set, else detected party
... A47: • After manual research, ALWAYS set party_locked=Yes to lock it in
